Y;Feature 1;Feature 2;Feature 3;Feature 4;Feature 5;Feature 6;Feature 7;Feature 8;Feature 9
13500;23;46986;1;90;1;0;2000;3;1165
13750;23;72937;1;90;1;0;2000;3;1165
13950;24;41711;1;90;1;0;2000;3;1165
14950;26;48000;1;90;0;0;2000;3;1165
13750;30;38500;1;90;0;0;2000;3;1170
12950;32;61000;1;90;0;0;2000;3;1170
16900;27;94612;1;90;1;0;2000;3;1245
18600;30;75889;1;90;1;0;2000;3;1245
21500;27;19700;0;192;0;0;1800;3;1185
12950;23;71138;1;69;0;0;1900;3;1105
20950;25;31461;0;192;0;0;1800;3;1185
19950;22;43610;0;192;0;0;1800;3;1185
19600;25;32189;0;192;0;0;1800;3;1185
21500;31;23000;0;192;1;0;1800;3;1185
22500;32;34131;0;192;1;0;1800;3;1185
22000;28;18739;0;192;0;0;1800;3;1185
22750;30;34000;0;192;1;0;1800;3;1185
17950;24;21716;0;110;1;0;1600;3;1105
16750;24;25563;0;110;0;0;1600;3;1065
16950;30;64359;0;110;1;0;1600;3;1105
15950;30;67660;0;110;1;0;1600;3;1105
16950;29;43905;0;110;0;1;1600;3;1170
15950;28;56349;0;110;1;0;1600;3;1120
16950;28;32220;0;110;1;0;1600;3;1120
16250;29;25813;0;110;1;0;1600;3;1120
15950;25;28450;0;110;1;0;1600;3;1120
17495;27;34545;0;110;1;0;1600;3;1120
15750;29;41415;0;110;1;0;1600;3;1120
16950;28;44142;0;110;0;0;1600;3;1120
17950;30;11090;0;110;1;0;1600;3;1120
12950;29;9750;0;97;1;0;1400;3;1100
15750;22;35199;0;97;1;0;1400;3;1100
15950;27;29510;0;97;1;0;1400;3;1100
14950;26;32692;0;97;1;0;1400;3;1100
15500;22;41000;0;97;1;0;1400;3;1100
15750;26;43000;0;97;0;0;1400;3;1100
15950;25;25000;0;97;0;0;1400;3;1100
14950;23;10000;0;97;1;0;1400;3;1100
15750;32;25329;0;97;1;0;1400;3;1100
14750;27;27500;0;97;0;0;1400;3;1100
13950;22;49059;0;97;0;0;1400;3;1100
16750;27;44068;0;97;1;0;1400;3;1100
13950;22;46961;0;97;0;0;1400;3;1100
16950;27;110404;1;90;0;0;2000;5;1255
16950;22;100250;1;90;0;0;2000;5;1255
19000;23;84000;1;90;0;0;2000;5;1270
17950;27;79375;1;90;1;0;2000;5;1255
15800;22;75048;0;97;1;0;1400;5;1110
17950;22;72215;1;90;1;0;2000;5;1255
21950;31;64982;0;192;1;0;1800;5;1195
17950;22;62636;1;90;1;0;2000;5;1255
15750;30;57086;0;97;1;0;1400;5;1110
20500;26;56000;0;110;1;1;1600;5;1180
21950;27;49866;0;192;1;0;1800;5;1195
15500;25;49163;0;110;0;1;1600;5;1165
13250;32;45725;0;110;1;0;1600;5;1075
15250;28;43210;0;97;0;0;1400;5;1110
15250;26;43000;0;97;0;0;1400;5;1110
18950;23;39704;0;110;1;1;1600;5;1180
15999;30;38950;0;110;1;0;1600;5;1130
14950;22;37400;0;97;1;0;1400;5;1110
16500;27;37177;0;110;0;0;1600;5;1130
18750;31;36544;0;110;1;0;1600;5;1130
17950;30;33511;0;110;1;0;1600;5;1130
17950;27;32809;0;97;1;0;1400;5;1110
16950;26;32181;0;110;1;0;1600;5;1075
18950;28;30993;0;110;1;0;1600;5;1130
14950;22;30400;0;97;1;0;1400;5;1110
22250;22;30000;1;110;1;0;2000;5;1275
15950;25;29719;0;97;1;0;1400;5;1110
15950;28;29206;0;97;1;0;1400;5;1110
12995;32;29198;0;97;1;0;1400;5;1060
18950;28;28817;0;110;1;0;1598;5;1130
15750;23;28227;0;97;1;0;1400;5;1110
19950;28;28000;0;110;0;0;1600;5;1130
16950;23;28000;0;110;1;0;1600;5;1115
18750;31;25266;0;110;1;0;1600;5;1130
18450;27;23489;0;110;0;0;1600;5;1115
16895;29;22575;0;110;1;0;1600;5;1115
14900;30;22000;0;97;1;0;1400;5;1110
18950;25;20019;0;110;1;1;1600;5;1180
17250;29;20000;0;110;1;0;1600;5;1115
15450;25;17003;0;97;1;0;1400;5;1110
17950;31;16238;0;110;1;1;1600;5;1180
16650;25;15414;0;97;1;0;1400;5;1110
17450;28;8537;0;110;1;0;1600;5;1130
14900;30;7000;0;97;1;0;1400;5;1100
17950;20;66966;1;90;1;0;2000;3;1245
15950;19;51884;0;97;1;0;1400;3;1100
21950;19;50005;1;110;1;0;2000;3;1265
16450;20;48110;0;97;1;0;1400;3;1100
22250;20;37500;1;90;1;0;2000;3;1260
19950;16;34472;1;90;1;0;1995;3;1260
15950;20;33329;0;97;1;0;1400;3;1100
18900;20;31850;0;110;0;0;1600;3;1120
19950;17;30351;1;90;1;0;1995;3;1260
15950;19;29435;0;97;1;0;1400;3;1100
15950;19;25948;0;97;1;0;1400;3;1100
18750;11;24500;0;110;1;0;1600;3;1120
17450;18;23902;0;97;1;0;1400;3;1100
18990;20;23175;0;110;1;0;1600;3;1120
16250;19;19200;0;97;1;0;1400;3;1100
18500;13;18000;0;71;0;0;1400;3;1125
18500;11;16123;0;110;1;0;1600;3;1105
19450;11;14635;0;110;1;1;1600;3;1155
16950;19;13748;0;97;1;0;1400;3;1100
18800;14;11500;0;110;1;0;1600;3;1045
17450;17;10000;0;97;1;0;1400;3;1100
17950;20;7187;0;110;1;0;1600;3;1105
32500;4;1;1;116;0;0;2000;5;1480
31000;4;4000;1;116;1;0;2000;5;1480
31275;4;1500;1;116;1;0;2000;5;1480
24950;8;13253;1;116;1;0;2000;5;1320
24950;8;13253;1;116;1;0;2000;5;1320
22950;7;10000;1;116;1;0;2000;5;1270
24990;8;6000;1;90;1;0;2000;5;1280
21950;8;10841;1;90;1;0;2000;5;1270
17900;7;1;0;110;1;0;1600;3;1105
19250;20;63000;1;90;1;0;2000;5;1255
22250;17;57313;1;110;1;0;2000;5;1275
18950;13;57037;0;110;0;0;1600;5;1115
19950;19;51099;1;90;1;0;2000;5;1255
16350;14;40010;0;110;1;0;1600;5;1115
18950;20;39115;0;110;1;0;1600;5;1130
16950;17;36012;0;110;0;0;1600;5;1130
21750;16;36000;0;110;1;0;1600;5;1130
15950;20;36000;0;110;1;0;1600;5;1075
16500;20;35000;0;97;1;0;1400;5;1110
17950;17;33740;0;97;1;0;1400;5;1135
15850;13;33477;0;110;1;0;1600;5;1075
16250;20;32627;0;97;1;0;1400;5;1110
15950;20;29797;0;97;1;0;1400;5;1110
16250;19;29441;0;97;1;0;1400;5;1110
15950;13;29371;0;110;1;0;1600;4;1105
16500;20;29000;0;97;0;0;1400;5;1110
16500;19;27821;0;97;0;0;1400;5;1110
18450;19;27371;0;97;0;0;1400;5;1135
16250;13;25170;0;110;1;0;1600;5;1105
23000;11;25000;1;116;1;0;2000;5;1320
19900;20;23000;0;110;1;0;1600;5;1130
16450;20;22588;0;97;1;0;1400;5;1110
23950;19;21684;0;192;1;0;1800;5;1185
19950;13;21428;0;110;1;0;1600;5;1130
18500;16;20629;0;110;1;0;1600;4;1090
18950;15;20270;0;110;1;0;1600;5;1130
16450;16;20105;0;97;0;0;1400;5;1110
20500;20;20000;0;110;0;1;1600;5;1165
24500;13;19988;0;110;1;0;1600;5;1130
19450;19;18328;0;110;0;0;1600;5;1130
20950;14;17896;0;110;1;1;1600;4;1150
17200;20;17300;0;97;1;0;1400;5;1110
19950;19;17038;0;110;0;0;1600;5;1130
18450;10;13747;0;97;1;0;1400;5;1110
19500;12;13634;0;110;1;0;1600;5;1115
21750;13;13178;0;110;1;0;1600;5;1130
16868;15;13157;0;97;1;0;1400;4;1085
19500;16;13000;0;110;1;0;1600;4;1105
18900;11;12500;0;110;1;0;1600;5;1115
19750;17;11999;0;110;1;0;1600;5;1130
19750;16;11754;0;110;0;1;1600;5;1180
18950;16;11000;0;110;1;0;1600;4;1105
20750;17;10000;0;110;0;0;1598;5;1105
19600;9;7650;0;110;1;0;1600;5;1115
19500;14;6500;0;110;1;0;1600;4;1100
17650;11;6155;0;97;1;0;1400;5;1110
19950;14;6000;0;110;0;0;1600;5;1130
19950;14;5459;0;110;1;0;1600;5;1130
20950;14;5278;0;110;1;1;1600;4;1150
20500;12;5000;0;110;1;0;1600;5;1130
17795;9;1;0;98;1;0;1400;4;1065
18245;9;1;0;110;1;0;1600;5;1075
23750;8;11000;0;110;1;0;1600;5;1130
19500;8;10077;0;97;1;0;1400;5;1110
18950;8;10000;0;97;1;0;1400;5;1110
21950;8;9788;0;110;1;0;1600;5;1130
19950;8;8574;0;110;1;0;1600;5;1130
18950;8;7000;0;110;0;0;1600;5;1115
19950;7;6250;0;110;1;0;1600;5;1115
21950;8;5000;0;110;1;0;1600;5;1130
22500;6;3000;0;110;0;0;1600;5;1130
18500;7;2000;0;110;0;0;1600;5;1075
18700;7;450;0;97;1;0;1400;5;1110
21125;2;225;0;97;1;0;1400;5;1110
21500;2;15;0;110;1;0;1600;5;1130
17795;1;1;0;98;1;0;1400;4;1100
18245;1;1;0;110;1;0;1600;5;1075
6950;43;243000;1;69;0;0;1900;3;1110
9500;38;180638;1;90;0;0;2000;4;1160
11950;40;179860;1;90;1;0;2000;5;1205
7750;43;178858;0;110;0;0;1600;3;1084
11950;40;161000;1;69;1;0;1900;3;1105
4350;44;158320;1;69;0;0;1800;5;1110
4750;44;131273;1;69;1;0;1800;5;1110
11750;40;130062;1;69;1;0;1900;5;1140
13250;41;123425;1;69;1;0;1900;5;1140
11950;37;118217;0;110;1;0;1600;5;1075
11900;44;110000;1;69;1;0;1900;5;1095
14750;39;108847;1;90;1;0;2000;5;1205
9950;42;105699;0;97;1;0;1400;3;1025
11950;39;98823;0;110;1;0;1600;5;1119
11495;44;96829;0;110;1;0;1600;5;1075
11250;40;96518;0;97;1;0;1400;3;1025
10500;42;92204;0;110;1;0;1600;5;1075
10450;35;91456;1;69;1;0;1900;3;1110
12950;43;89968;1;69;1;0;1900;5;1140
11500;44;89757;0;110;1;0;1600;3;1045
12500;40;85389;0;110;1;0;1600;5;1075
10950;43;85017;0;97;0;0;1400;5;1060
11450;41;84312;0;110;0;0;1600;5;1080
11950;37;82743;0;110;1;0;1600;5;1121
13250;41;81106;1;69;1;0;1900;5;1140
14750;40;80425;1;90;1;0;2000;5;1205
11790;34;78677;0;110;1;1;1600;5;1105
11450;40;78425;0;110;1;0;1600;5;1075
13500;33;78108;1;90;1;0;2000;3;1170
10950;33;77321;0;110;1;0;1600;5;1075
13500;33;75699;1;69;0;0;1900;3;1105
10950;41;75697;0;97;1;0;1400;3;1025
10950;44;74846;0;97;1;0;1400;3;1025
12950;38;74319;0;110;1;0;1600;5;1075
11950;43;74285;0;110;1;0;1600;5;1075
12450;44;74172;0;110;1;0;1600;5;1615
11950;40;73042;0;110;1;0;1598;5;1075
14950;44;71793;0;110;1;0;1600;4;1067
12450;35;71200;0;110;1;0;1600;5;1075
12950;38;67805;0;110;1;0;1600;5;1075
11950;35;65988;0;110;1;0;1600;3;1040
11690;34;65345;0;97;1;0;1400;5;1060
12450;42;64564;0;110;1;0;1600;5;1080
12750;36;63459;0;97;1;0;1400;5;1060
11925;44;63451;0;97;0;0;1400;3;1025
12950;33;62000;0;110;1;0;1600;5;1075
11950;42;61300;0;97;1;0;1400;3;1030
12900;41;61200;0;110;1;0;1600;3;1045
11900;41;61000;0;110;0;0;1600;5;1075
11650;38;60829;0;110;1;0;1600;5;1075
10950;44;60500;0;110;0;0;1600;5;1075
13950;35;59500;1;69;1;0;1900;3;1110
13950;44;59000;0;110;0;1;1600;5;1110
11950;40;58954;0;110;1;0;1600;5;1080
10950;38;58798;0;110;1;0;1600;5;1075
12450;38;58363;0;110;1;0;1600;3;1055
11950;43;58277;0;110;1;0;1600;3;1045
13500;33;57711;1;90;1;0;2000;3;1165
11690;33;57269;0;110;1;0;1600;5;1075
13500;39;56001;0;110;1;0;1600;5;1075
11950;42;55968;0;110;0;0;1600;3;1050
12900;39;55678;0;110;1;0;1600;4;1030
13500;43;55539;0;110;1;0;1600;5;1085
11750;42;55400;0;110;0;0;1600;5;1075
11750;33;55350;0;110;0;0;1600;5;1075
10850;43;54600;0;110;0;0;1600;4;1030
11750;43;53773;0;110;1;0;1600;5;1075
14950;42;53719;0;110;1;1;1600;5;1105
9940;39;53644;0;110;1;0;1600;5;1075
12900;42;53350;0;110;0;0;1600;5;1075
13500;38;53000;0;110;1;0;1600;5;1075
11750;44;52084;0;97;1;0;1400;3;1025
11950;44;52000;0;97;0;0;1400;3;1025
13450;33;51945;0;110;1;0;1600;5;1075
11950;41;51732;0;97;1;0;1400;3;1025
12495;39;50873;0;110;1;0;1600;5;1075
13500;41;50856;0;110;0;0;1600;4;1030
12750;40;50640;0;110;1;0;1600;5;1075
12000;39;50000;0;97;1;0;1400;5;1060
11950;38;49500;0;110;1;0;1600;5;1075
12495;44;49332;0;110;1;0;1600;5;1080
12450;34;49291;0;110;1;0;1600;3;1040
14750;40;48952;1;90;1;0;2000;5;1205
10950;39;48945;0;110;0;0;1600;3;1040
13500;33;48928;1;69;1;0;1900;3;1105
12950;38;48197;0;110;1;0;1600;5;1075
13500;35;48052;1;69;1;0;1900;3;1105
13450;34;48011;0;110;1;0;1600;4;1030
13500;43;48000;0;110;1;0;1600;5;1075
11480;41;47350;0;110;1;0;1600;5;1075
13450;39;46821;0;97;1;0;1400;5;1060
11495;39;46694;0;110;0;0;1600;3;1040
12750;43;46515;0;97;0;0;1400;5;1025
14990;38;46327;0;110;1;0;1600;3;1055
12950;35;46304;0;97;1;0;1400;5;1060
12950;40;45886;0;110;1;0;1600;5;1080
12850;39;45713;0;97;1;0;1400;5;1085
13950;40;45600;0;110;1;1;1600;5;1105
11950;41;45287;0;110;1;0;1600;5;1075
12950;39;45081;0;110;1;0;1600;5;1075
11700;40;44830;0;110;1;0;1600;5;1075
9950;37;44757;0;97;0;0;1400;3;1025
11895;44;44218;0;97;1;0;1400;5;1060
12950;43;43632;0;110;1;0;1600;5;1075
12500;36;43427;0;110;1;0;1600;3;1040
13875;39;43254;0;110;1;0;1600;5;1075
10500;35;43000;0;110;0;0;1600;3;1050
12295;33;42823;0;110;1;0;1600;5;1075
13950;42;42560;0;110;1;0;1600;5;1080
10950;38;41754;0;110;0;0;1600;3;1040
12950;44;41499;0;110;1;0;1600;5;1103
12850;40;41339;0;110;1;0;1600;5;1080
13995;35;41000;0;110;1;0;1600;5;1075
13750;39;40000;0;110;1;0;1600;3;1055
12750;37;39757;0;110;1;0;1600;5;1075
12500;41;39659;0;110;1;0;1600;3;1045
13950;43;39650;0;110;0;0;1600;3;1055
11500;39;39524;0;97;1;0;1398;3;1025
13950;44;39516;0;97;1;0;1400;5;1060
11895;41;39439;0;97;0;0;1400;5;1060
9950;44;39000;0;97;1;0;1400;3;1025
13500;42;38932;0;110;1;0;1600;3;1040
11450;37;38812;0;97;0;0;1400;3;1025
12450;42;38665;0;110;1;0;1600;5;1075
12950;40;38653;0;110;1;0;1600;5;1080
13995;44;38461;0;110;1;0;1600;5;1080
11750;42;38078;0;97;0;0;1400;3;1025
11650;39;37782;0;97;1;0;1400;5;1060
9950;43;37576;0;97;0;0;1400;3;1030
13950;41;37533;0;110;1;0;1600;5;1075
12950;44;37389;0;110;1;0;1600;5;1080
10950;38;37320;0;97;1;0;1400;3;1025
9900;42;37000;0;97;1;0;1400;3;1025
11950;44;37000;0;110;0;0;1600;4;1075
11990;40;36566;0;110;0;0;1600;5;1090
10750;36;36269;0;110;1;0;1600;5;1075
13950;37;36074;0;110;1;1;1600;5;1075
11250;44;36066;0;110;1;0;1600;3;1040
12950;39;34599;0;110;1;0;1600;5;1075
11950;41;34000;0;110;1;0;1600;5;1075
10950;42;33623;0;97;1;0;1400;3;1025
12950;33;33591;0;110;1;0;1600;5;1075
12950;35;33258;0;110;1;0;1600;5;1075
11695;43;33113;0;110;1;0;1600;5;1075
11000;41;33000;0;110;1;1;1600;5;1075
13950;35;32941;0;110;1;0;1600;5;1080
11950;38;32781;0;110;0;0;1600;5;1075
11750;40;32532;0;110;1;0;1600;3;1040
12400;34;32431;0;97;1;0;1400;5;1060
12500;35;32000;0;110;0;0;1600;3;1040
12900;33;31000;0;110;1;0;1600;5;1075
12200;41;30989;0;110;0;0;1600;3;1045
12750;43;30742;0;110;1;0;1600;3;1040
11950;42;30190;0;110;1;0;1600;5;1075
11900;41;29716;0;116;1;0;1600;5;1075
11950;44;29716;0;110;1;1;1600;3;1070
14950;42;29640;0;110;0;0;1600;3;1055
11950;41;29056;0;97;1;0;1400;5;1060
12950;33;28715;0;110;1;0;1600;5;1075
14950;41;28571;0;110;0;0;1600;5;1090
13450;40;28362;0;110;1;0;1600;3;1040
13750;38;28150;0;110;1;0;1600;5;1075
12950;43;27301;0;110;1;0;1600;3;1040
12750;33;27240;0;110;1;0;1600;5;1075
11895;39;27170;0;97;1;0;1400;5;1060
9950;42;27141;0;97;1;0;1400;5;1060
12450;38;26262;0;110;1;0;1600;5;1075
12500;38;26000;0;97;1;0;1400;5;1060
14950;43;25228;0;110;1;0;1600;3;1045
13750;39;25062;0;110;1;0;1600;5;1080
12695;39;24723;0;110;1;1;1600;4;1060
14990;33;24650;0;110;1;0;1600;3;1055
12750;43;24553;0;110;1;0;1600;5;1080
14350;41;24475;0;110;1;0;1600;5;1030
12950;39;24444;0;110;1;0;1600;3;1040
11500;35;24011;0;97;0;0;1400;3;1025
11950;41;24000;0;97;1;0;1400;3;1025
13450;40;23616;0;110;1;0;1600;5;1075
12900;38;22865;0;110;1;0;1600;5;1075
10500;41;22780;0;86;1;0;1300;5;1035
10950;35;21904;0;97;0;0;1400;3;1025
11950;41;21651;0;97;0;0;1400;3;1025
11450;37;21500;0;110;1;0;1600;5;1030
13250;44;21027;0;110;1;0;1600;5;1080
10250;39;18500;0;110;0;0;1600;4;1030
13995;35;18000;0;110;1;0;1600;5;1075
11950;40;17051;0;97;0;0;1400;5;1060
13250;33;16512;0;97;1;0;1400;5;1085
12950;40;16325;0;110;1;0;1600;5;1080
11750;38;16000;0;97;1;0;1400;5;1060
11500;39;12000;0;110;1;0;1600;5;1075
13500;43;10000;0;97;1;0;1400;5;1060
6500;53;216000;1;69;0;0;1900;3;1110
6400;51;198167;1;69;0;0;1900;4;1095
7000;53;176000;1;69;0;0;1900;3;1105
7750;54;174139;1;72;1;0;2000;4;1100
8900;45;174000;1;69;1;0;1900;5;1095
8500;55;150000;0;110;1;0;1600;3;1075
8950;54;149329;1;72;1;0;2000;5;1135
9900;51;146736;0;110;1;0;1600;5;1080
10250;53;143513;1;69;0;0;1900;5;1140
9250;48;142130;0;110;0;0;1600;5;1119
7750;48;140700;1;69;1;0;1900;5;1110
9450;54;138394;1;69;1;0;1900;4;1095
7750;55;137000;1;72;1;0;2000;5;1135
8250;52;135258;1;69;1;0;1900;5;1140
9950;49;131364;0;110;1;0;1600;5;1075
4450;56;129155;1;69;0;0;1800;5;1110
9950;50;126110;0;110;0;0;1600;3;1055
9000;48;119742;0;110;1;0;1600;5;1080
9950;53;117913;1;69;1;0;1900;5;1110
12450;47;117430;1;90;1;0;2000;3;1165
10500;55;117175;0;110;1;0;1600;4;1035
10750;54;115558;0;110;1;0;1600;4;1035
8950;53;115113;0;97;1;0;1400;3;1025
10500;54;115046;1;69;1;0;1900;5;1140
5150;56;113997;1;72;1;0;2000;5;1135
10950;49;107859;0;97;0;0;1400;5;1060
9450;52;104805;0;97;1;0;1400;3;1025
9950;54;103454;0;110;1;0;1600;5;1075
10950;51;103018;1;69;0;0;1900;5;1140
11900;47;102352;0;110;1;0;1600;5;1080
9950;50;102030;0;97;1;0;1400;5;1060
11950;54;101352;0;110;0;0;1600;5;1080
7900;50;99865;0;110;1;0;1600;4;1035
10950;52;99323;0;110;1;0;1600;3;1055
8950;48;98100;1;69;1;0;1900;5;1140
11950;51;98040;0;110;0;0;1600;5;1080
10900;49;97600;;110;1;0;1600;3;1045
9950;55;97234;;110;0;0;1600;5;1080
9950;51;96135;;72;0;0;2000;3;1115
10950;54;96100;;110;1;0;1600;5;1080
8950;55;94401;;72;0;0;2000;3;1115
8950;55;94122;;86;1;0;1300;3;1015
10500;49;91340;;110;1;0;1600;3;1055
8950;53;90200;;97;0;0;1400;3;1025
9250;53;90097;;69;1;0;1900;5;1140
11500;48;89049;;97;1;0;1400;5;1060
9750;52;89000;;110;0;0;1600;5;1075
9950;45;87274;;110;1;0;1600;3;1040
11450;49;86221;;110;0;0;1600;3;1045
12500;54;84598;;110;0;0;1600;5;1075
10500;50;83567;;110;0;0;1600;5;1075
12950;50;83106;;110;1;0;1600;5;1075
12200;50;82805;;110;1;0;1600;3;1040
10950;50;82735;;97;1;0;1400;3;1030
10950;54;81905;;110;1;0;1600;5;1105
11290;49;80320;;110;1;1;1600;3;1070
10750;49;80090;;97;1;0;1400;3;1030
10895;53;79800;;110;0;0;1600;5;1075
11500;47;78785;;110;1;0;1600;5;1119
9750;48;78600;;110;1;0;1600;5;1075
10250;55;77780;;110;0;0;1600;3;1040
12500;49;77648;;110;0;0;1600;4;1030
11950;54;77270;;110;1;0;1600;4;1035
10750;50;76167;;97;1;0;1400;5;1060
11450;46;75249;;110;1;0;1600;4;1035
11950;54;75231;;110;1;0;1600;5;1080
11750;48;75045;;110;1;0;1600;3;1055
10950;50;74849;;110;1;1;1600;4;1060
11950;55;74715;;110;1;0;1600;5;1080
10995;49;74656;;69;0;0;1900;3;1105
11450;56;74500;;97;0;0;1400;3;1025
8900;49;74494;;110;1;0;1600;5;1075
10500;50;73634;;110;0;0;1587;5;1075
11750;47;73403;;110;1;0;1600;5;1075
11450;49;73175;;97;1;0;1400;3;1030
12000;52;73000;;110;0;0;1600;3;1055
11950;50;72242;;110;0;1;1600;3;1070
9850;53;72000;;97;1;0;1400;3;1025
10950;54;71725;;110;1;0;1600;4;1035
10950;54;71276;;110;0;0;1600;5;1080
8695;50;70440;;69;1;0;1900;3;1105
10990;53;70239;;110;0;0;1600;3;1040
9500;55;69813;;97;1;0;1400;3;1025
11950;49;69659;;86;0;0;1300;3;1025
10750;46;69574;;97;0;0;1400;5;1065
8750;47;69000;;69;1;0;1900;5;1140
8750;49;68565;;110;1;0;1600;4;1030
11450;55;68520;;72;1;0;2000;3;1115
9950;46;68414;;97;0;0;1400;3;1025
11950;56;66777;;110;0;0;1600;5;1090
13950;52;66527;;110;1;0;1600;5;1080
11250;54;66063;;110;1;0;1600;5;1090
10900;50;65471;;97;1;0;1400;5;1060
9750;56;65400;;97;1;0;1400;3;1025
9950;52;65170;;97;1;0;1400;3;1025
11950;56;65000;;110;1;0;1600;5;1075
10450;48;64193;;110;1;0;1600;3;1040
8950;54;64000;;97;1;0;1400;3;1025
10250;54;63792;;110;1;0;1600;5;1075
9930;53;63635;;110;1;0;1600;4;1035
10500;54;63135;;110;1;0;1600;3;1050
11950;54;63123;;110;1;0;1600;4;1035
11500;48;63000;;69;1;0;1900;5;1140
11500;55;63000;;110;0;0;1600;4;1035
11450;54;62987;;110;0;0;1600;5;1080
9900;56;62751;;110;0;0;1600;3;1050
9500;54;62519;;97;0;0;1400;3;1025
10500;50;62280;;97;1;0;1400;5;1060
10750;50;61672;;110;0;0;1600;5;1075
8950;54;61000;;69;0;0;2000;5;1140
12000;56;61000;;110;1;0;1600;3;1050
9940;53;60558;;110;1;0;1600;4;1105
10950;47;60348;;110;0;0;1600;4;1030
10750;54;60239;;110;1;0;1600;5;1075
9799;51;59000;;97;1;0;1400;3;1025
11750;51;58761;;97;0;0;1300;5;1060
11950;54;58745;;110;1;0;1600;4;1035
11250;52;58596;;110;1;0;1600;3;1045
11750;54;58530;;110;0;0;1600;5;1075
10950;55;58377;;110;1;0;1600;3;1050
11250;56;58142;;110;1;0;1600;5;1080
9950;53;57948;;97;1;0;1400;3;1025
9700;51;57645;;110;0;0;1600;5;1080
11950;47;57500;;110;1;0;1600;4;1105
9900;53;57475;;110;0;0;1600;3;1040
9990;55;56743;;110;0;0;1600;3;1045
9475;48;56675;;97;1;0;1400;3;1025
11500;54;55877;;110;1;0;1600;5;1075
11950;53;55500;;110;1;0;1600;4;1035
11500;55;54900;;97;1;0;1400;5;1060
10500;50;54465;;110;0;0;1600;5;1075
10900;46;53700;;97;1;0;1400;5;1060
11700;52;53561;;97;1;0;1400;5;1060
11900;51;53408;;110;1;0;1600;5;1080
13950;51;53268;;110;1;0;1600;5;1080
10950;49;53116;;97;1;0;1400;3;1025
10500;56;52448;;97;0;0;1400;3;1025
10750;55;52149;;97;1;0;1400;3;1085
11950;55;52141;;110;1;0;1600;5;1070
10000;56;52000;;97;0;0;1400;3;1025
10495;48;50967;;97;1;0;1400;5;1060
11450;50;50400;;110;0;0;1600;5;1080
9400;54;50000;;97;1;0;1400;3;1025
11950;51;50000;;86;1;0;1300;5;1045
9650;53;49969;;110;0;0;1600;5;1075
18950;49;49568;;110;1;0;1600;3;1105
11450;51;49473;;110;0;0;1600;3;1055
10250;52;49432;;110;1;0;1600;3;1050
11450;48;49417;;110;1;0;1600;3;1045
9950;54;49366;;97;1;0;1400;3;1025
10500;56;48731;;110;1;0;1600;3;1055
13750;54;48370;;110;1;0;1600;5;1080
9950;48;48071;;97;0;0;1400;3;1025
10250;54;47852;;110;1;0;1600;4;1030
10850;54;47768;;110;0;0;1600;3;1055
11895;52;47689;;110;0;0;1600;5;1075
12950;53;47451;;110;1;0;1600;3;1055
11950;50;47219;;110;1;0;1600;5;1080
10750;56;47211;;110;1;0;1600;5;1070
9550;54;46856;;97;0;0;1400;5;1060
10950;56;46500;;86;0;0;1300;5;1035
11750;52;46449;;110;1;0;1600;4;1035
10950;47;46391;;110;0;0;1600;5;1075
12450;54;46230;;110;1;0;1600;3;1055
10500;52;46029;;110;1;0;1600;4;1030
10900;50;46000;;97;0;0;1400;3;1025
12950;50;45900;;110;1;0;1600;5;1075
10950;47;45850;;97;0;0;1400;5;1060
12500;56;45336;;110;1;0;1600;5;1080
9950;55;44537;;97;0;0;1400;3;1025
10750;56;43700;;86;1;0;1300;3;1025
12500;48;43120;;97;1;0;1400;3;1030
10450;49;41710;;110;0;0;1600;3;1040
10750;52;41700;;97;1;0;1400;3;1025
12950;49;41636;;110;1;0;1600;5;1105
10995;50;41273;;97;0;0;1400;5;1060
11950;49;40836;;110;0;1;1600;3;1075
11250;50;40400;;97;1;0;1400;5;1060
11950;47;40361;;110;1;0;1600;5;1090
13750;54;40325;;86;0;0;1300;5;1045
11000;47;40000;;110;0;0;1600;5;1080
13500;50;39706;;110;1;0;1600;5;1080
10950;54;39291;;110;1;0;1600;3;1040
10750;54;39000;;97;0;0;1400;3;1025
8950;47;38900;;97;1;0;1400;3;1025
12950;51;38403;;110;0;0;1600;3;1055
9750;56;37461;;97;0;0;1400;3;1025
10900;54;37000;;97;1;0;1400;3;1025
10995;55;36406;;110;1;0;1600;4;1035
10750;48;36005;;97;1;0;1400;5;1065
10950;52;36000;;110;1;0;1600;5;1075
13000;49;36000;;110;0;0;1600;5;1080
12950;45;36000;;110;1;1;1600;3;1070
11500;52;35823;;110;0;0;1600;5;1075
10950;56;35230;;97;0;0;1400;3;1025
11710;48;35142;;110;0;0;1600;3;1055
9980;49;34890;;97;0;0;1400;3;1025
12250;51;34882;;110;1;0;1600;5;1075
11500;46;34000;;110;1;0;1600;5;1075
11950;56;33998;;110;0;0;1600;5;1080
11500;55;33230;;110;0;0;1600;3;1050
11900;46;33021;;110;1;0;1600;5;1080
11930;49;31999;;97;0;0;1400;3;1030
10500;52;31579;;97;0;0;1400;3;1025
8950;56;31000;;97;0;0;1400;3;1025
10450;46;30806;;97;1;0;1400;5;1060
10500;55;30461;;86;1;0;1300;5;1050
12950;50;29686;;110;1;1;1600;3;1075
9950;55;29650;;86;0;0;1300;3;1025
12900;52;29500;;110;1;0;1600;3;1055
9950;48;28656;;97;0;0;1400;3;1085
9950;55;27500;;97;1;0;1400;3;1025
10950;48;26938;;110;1;0;1600;3;1040
10950;53;26624;;97;0;0;1400;5;1060
9950;47;26221;;97;1;0;1400;3;1025
10950;50;22648;;97;1;0;1400;5;1060
10800;50;22500;;97;1;0;1400;3;1025
10500;56;19313;;97;0;0;1400;3;1025
10450;50;17619;;110;0;0;1600;4;1030
10600;51;17069;;97;1;0;1400;3;1025
10450;48;15000;;97;1;0;1400;3;1025
12950;50;10210;;97;0;0;1400;5;1065
11250;47;5309;;110;1;1;1600;3;1070
7500;50;1;;90;1;0;2000;3;1260
8950;52;31000;;97;0;0;1398;3;1025
6950;58;205000;;72;1;0;2000;4;1100
7900;68;204250;;72;0;0;2000;3;1115
5950;68;194545;;86;0;0;1300;4;1000
7500;59;190900;;72;1;0;2000;3;1115
7500;62;183500;;72;1;0;2000;5;1140
6900;65;176184;;72;1;0;2000;3;1115
5751;67;174833;;72;0;0;2000;4;1100
6950;68;155720;;86;1;0;1300;3;1015
7950;67;155500;;110;1;0;1600;5;1050
7750;59;154783;;72;1;0;2000;3;1120
7950;64;154462;;72;1;0;2000;5;1135
8250;64;150585;;110;1;0;1600;3;1065
6250;67;149000;;90;1;0;2000;5;1135
9500;62;147636;;72;0;0;2000;5;1135
6900;59;144521;;72;1;0;2000;5;1135
8450;64;144000;;110;1;0;1600;3;1065
7350;65;140168;;72;1;0;2000;3;1115
8950;68;140000;;110;1;0;1600;5;1085
6900;60;139800;;72;0;0;2000;3;1115
8950;59;137050;;110;1;0;1600;3;1078
8750;61;136956;;110;0;0;1600;3;1065
7950;67;135337;;110;1;0;1600;5;1120
8950;64;133769;;72;1;0;2000;3;1120
8950;58;133405;;72;1;0;2000;5;1135
8950;65;132807;;72;1;0;2000;5;1135
7950;64;132393;;72;0;0;2000;5;1135
7750;60;130270;;110;0;0;1600;3;1050
7500;59;130000;;72;1;0;2000;4;1135
8950;67;127000;;72;1;0;2000;5;1135
9800;67;126800;;72;0;0;2000;5;1135
9450;66;126452;;110;1;0;1600;5;1085
8950;62;125175;;116;0;0;2000;5;1150
8750;68;125000;;72;1;0;2000;3;1115
10500;61;123000;;72;0;0;2000;5;1135
7995;59;121626;;86;0;0;1300;5;1050
10450;64;120400;;110;0;0;1600;5;1090
9950;66;120000;;72;0;0;2000;4;1100
9950;68;119541;;110;0;0;1600;3;1055
8950;68;119500;;110;1;0;1600;5;1070
7950;68;119289;;110;1;0;1600;4;1035
10950;57;118833;;110;0;0;1600;3;1065
9950;64;118000;;72;1;0;2000;5;1150
8600;68;117955;;110;1;1;1600;4;1065
7250;65;117609;;86;0;0;1300;3;1015
6950;68;117000;;72;0;0;2000;3;1115
8000;64;116000;;86;0;0;1300;5;1045
9950;58;115715;;110;0;0;1600;5;1070
9450;60;115191;;110;1;0;1600;4;1079
7950;68;115071;;110;1;0;1600;3;1055
9450;63;115000;;110;0;0;1600;3;1109
9950;64;114846;;110;1;0;1600;5;1075
6950;65;114383;;90;0;0;2000;3;1260
8250;59;113700;;110;1;0;1600;5;1065
9950;67;113118;;86;1;0;1300;3;1020
8250;59;112827;;86;1;0;1300;5;1040
9950;68;112116;;110;1;0;1600;5;1070
10500;66;112000;;110;1;0;1600;3;1065
7950;62;112000;;72;0;0;2000;4;1135
9750;65;111769;;110;0;0;1600;3;1065
9250;61;110853;;110;1;0;1600;5;1070
9500;68;110287;;110;1;0;1600;3;1050
9950;62;109547;;110;0;0;1600;5;1075
7750;63;109230;;110;0;0;1600;3;1050
9500;68;109150;;110;0;0;1600;5;1075
9950;67;108793;;110;1;0;1600;4;1035
9750;64;106784;;110;0;1;1600;3;1050
9750;58;105942;;86;0;0;1300;5;1040
5950;59;105000;;86;1;0;1300;3;1015
8500;62;105000;;86;0;0;1300;5;1040
8495;68;104299;;110;1;0;1600;5;1085
9250;67;104000;;86;0;0;1300;3;1020
6900;68;104000;;86;1;0;1300;3;1015
8950;58;103458;;86;1;0;1300;3;1025
9500;63;103400;;110;1;0;1600;5;1075
9250;63;102807;;86;0;0;1300;5;1055
9895;68;102494;;110;0;0;1600;5;1090
9950;57;102300;;72;1;0;2000;5;1135
7950;61;102106;;110;0;0;1600;3;1050
8750;68;101889;;110;1;0;1600;5;1075
8250;57;101791;;72;0;0;2000;3;1115
8950;63;101469;;110;1;0;1600;3;1065
8950;68;101001;;110;0;0;1600;5;1075
8950;61;100748;;110;0;0;1600;5;1070
8950;65;100550;;110;1;0;1600;5;1075
9450;67;99781;;110;1;0;1600;5;1085
8950;59;98658;;86;1;0;1300;3;1020
9250;65;98500;;110;1;0;1600;5;1075
8750;64;98291;;86;0;0;1300;4;1000
9950;61;97648;;110;1;0;1600;3;1065
9950;61;97425;;110;1;0;1600;5;1075
9900;65;97173;;86;0;0;1300;3;1015
8950;66;97046;;86;1;0;1300;4;1000
8950;67;96000;;110;1;0;1600;3;1050
12250;60;96000;;72;0;0;2000;4;1100
9250;67;95750;;110;1;0;1600;5;1070
10250;61;95147;;110;1;0;1600;3;1050
8950;68;95000;;110;0;0;1600;3;1050
7999;65;95000;;110;1;0;1600;3;1050
9900;66;94606;;110;0;0;1600;3;1065
8250;63;94504;;86;1;0;1300;4;1000
10500;65;93428;;110;1;0;1600;5;1075
8450;65;93408;;86;0;0;1300;3;1015
9900;68;93296;;110;1;0;1600;5;1090
10500;62;93098;;110;1;0;1600;5;1075
8500;67;92922;;72;1;0;2000;4;1100
9500;61;92498;;110;1;0;1600;3;1050
9450;65;92226;;110;0;0;1600;3;1065
9900;68;91505;;72;0;0;2000;3;1115
8250;64;91333;;110;1;0;1600;3;1050
8750;65;91246;;86;1;0;1300;3;1015
9500;58;91000;;110;1;0;1600;5;1075
8450;68;90727;;110;0;0;1600;3;1050
8490;62;90000;;110;0;0;1600;3;1050
8750;60;89576;;110;0;0;1600;4;1035
9750;64;89145;;86;1;0;1300;3;1025
9950;63;89000;;110;1;0;1600;5;1085
8500;68;88807;;110;0;0;1600;3;1050
8450;63;88685;;110;0;0;1600;5;1070
7900;62;88667;;110;1;0;1600;4;1040
8750;57;88480;;110;1;0;1600;3;1050
7950;61;88127;;86;0;0;1300;3;1015
6900;62;88000;;86;0;0;1300;3;1020
8150;65;87821;;86;1;0;1300;3;1015
10995;59;87654;;86;1;1;1300;5;1065
8900;59;86888;;110;1;0;1600;3;1050
9500;59;86871;;86;1;0;1300;5;1040
8950;68;86714;;110;1;0;1600;4;1035
11500;65;85889;;110;0;0;1600;3;1065
10450;62;85000;;110;1;0;1600;3;1050
10500;60;85000;;86;1;0;1300;3;1025
9250;68;84976;;110;1;0;1600;4;1035
10950;65;84558;;110;1;0;1600;5;1120
10450;62;84549;;110;0;0;1600;5;1075
9250;68;84482;;110;1;0;1600;5;1075
8750;62;83908;;110;1;0;1600;5;1070
8750;67;83560;;86;0;0;1300;3;1015
9800;68;83000;;107;1;1;1600;5;1100
8250;64;82723;;86;0;0;1300;3;1015
10450;62;82421;;110;1;0;1600;3;1065
9750;58;82254;;110;0;0;1600;5;1050
8950;61;82115;;110;1;0;1600;3;1055
7450;65;82000;;86;1;0;1300;3;1015
8450;68;81965;;86;1;0;1300;5;1035
8250;66;81250;;110;0;0;1600;3;1050
10950;65;81192;;110;1;0;1600;3;1065
8950;61;81170;;110;1;0;1600;4;1040
8750;66;81083;;86;0;0;1300;3;1015
10450;61;80714;;110;1;0;1600;5;1075
10950;57;80470;;110;0;0;1600;5;1085
8450;65;80439;;110;1;0;1600;4;1035
9950;59;80430;;110;1;0;1600;3;1065
9950;68;80426;;110;1;0;1600;3;1055
8750;62;80265;;86;0;0;1300;3;1015
9950;65;80153;;110;0;0;1600;5;1070
9500;68;80121;;110;0;0;1600;5;1070
8250;65;80086;;110;1;0;1600;4;1035
10950;62;80000;;110;0;0;1600;5;1075
7950;60;80000;;86;0;0;1300;5;1015
8250;65;80000;;86;1;0;1300;2;1015
9895;67;79858;;110;1;0;1600;4;1040
9130;67;79762;;86;1;0;1300;3;1015
10950;59;79660;;86;0;1;1300;5;1065
10500;60;79150;;110;1;0;1600;5;1075
8900;61;79000;;110;1;0;1600;3;1050
9500;57;78955;;86;1;0;1300;5;1045
10950;59;78750;;90;1;0;1975;5;1155
7950;68;78521;;86;0;0;1300;3;1015
7950;64;78356;;86;1;0;1300;3;1015
7950;65;78076;;86;1;0;1300;3;1015
9500;61;78063;;107;1;1;1600;5;1100
10950;67;77821;;110;1;0;1600;5;1075
9750;68;77695;;110;1;0;1600;4;1035
9750;65;77500;;110;1;0;1600;3;1050
9450;63;77457;;110;1;0;1600;3;1055
8950;68;77029;;86;1;0;1300;3;1015
8950;68;77008;;86;1;0;1300;3;1015
8900;66;76791;;110;1;0;1600;5;1070
9950;61;76700;;86;1;0;1300;5;1035
8750;67;76569;;86;1;0;1300;3;1020
8950;59;76162;;110;1;0;1600;5;1075
8990;65;76155;;110;1;0;1600;4;1035
8950;61;75609;;86;1;0;1300;3;1015
8950;62;75569;;72;1;0;2000;3;1120
9950;67;75429;;110;1;0;1600;3;1065
9900;68;75000;;110;1;0;1600;5;1075
8950;65;75000;;86;0;0;1300;3;1015
8950;62;75000;;110;1;0;1600;5;1070
9500;66;74963;;107;0;1;1600;3;1085
7950;68;74889;;86;1;0;1300;3;1015
7750;68;74875;;110;0;0;1600;5;1070
8950;63;74747;;110;1;0;1600;5;1075
11950;60;74720;;110;1;0;1600;5;1085
8950;62;74457;;110;0;0;1600;5;1075
11950;60;74337;;86;0;0;1300;5;1035
8950;68;74308;;110;0;0;1600;3;1050
9950;64;74193;;110;0;0;1600;3;1050
8250;65;74179;;110;1;0;1600;3;1050
8995;67;73936;;86;1;0;1300;5;1050
9995;61;73894;;110;1;0;1600;3;1065
9250;64;73500;;110;1;0;1600;3;1050
10950;64;73376;;110;0;0;1600;5;1070
8900;64;73300;;86;1;0;1300;3;1015
9500;58;73172;;110;1;0;1600;5;1075
9950;58;72928;;110;1;0;1600;5;1075
7950;67;72880;;86;1;0;1332;3;1015
8250;63;72522;;110;1;0;1600;3;1050
9450;64;72000;;86;1;0;1300;3;1015
7950;57;72000;;86;0;0;1300;3;1015
9500;59;71366;;110;0;0;1600;3;1065
8950;65;71317;;110;0;0;1600;3;1050
10950;62;71000;;110;0;0;1600;5;1070
8950;60;70954;;110;0;0;1600;3;1050
9450;63;70908;;86;0;0;1300;5;1035
8000;58;70560;;110;1;0;1600;3;1050
9900;67;70552;;110;0;0;1600;5;1075
8950;62;70500;;110;1;0;1600;5;1035
10900;60;70453;;72;0;0;2000;5;1135
9450;59;70218;;110;1;0;1600;3;1050
8450;64;70116;;110;1;0;1600;4;1035
9500;65;70068;;110;1;0;1600;5;1075
10500;67;70000;;107;1;1;1587;3;1065
6950;68;70000;;86;1;0;1300;3;1015
9750;68;69103;;110;0;0;1600;4;1035
6950;58;69022;;86;1;0;1300;5;1035
9650;67;69000;;110;1;0;1600;3;1065
9950;68;68865;;110;1;0;1600;3;1065
9250;58;68723;;86;0;0;1300;3;1025
8950;63;68453;;110;1;0;1600;5;1070
9900;63;68238;;86;0;0;1300;5;1050
10995;63;68153;;110;1;0;1600;5;1085
10500;65;68000;;110;0;0;1600;5;1075
8950;65;68000;;86;1;0;1300;3;1015
9750;67;67762;;110;1;0;1600;3;1065
10950;68;67146;;110;1;0;1600;5;1075
9750;67;67110;;86;1;0;1300;5;1035
9950;59;67010;;110;1;0;1600;3;1065
10500;65;67003;;110;1;0;1600;4;1035
10400;68;66785;;86;0;1;1300;3;1045
8800;68;66550;;86;0;0;1332;3;1010
10500;61;66259;;110;1;0;1600;3;1065
9250;62;66082;;110;0;0;1600;5;1070
7800;65;66000;;86;1;0;1300;3;1015
9950;61;66000;;110;0;0;1600;3;1050
10750;63;65896;;110;1;0;1600;3;1065
10950;67;65785;;110;1;0;1600;5;1075
9950;65;65513;;110;1;1;1600;4;1070
9950;59;65463;;110;1;0;1600;5;1070
8100;68;65400;;86;1;0;1300;4;1000
9250;60;65259;;110;1;0;1600;3;1050
7800;64;65000;;110;1;0;1600;3;1050
9000;68;65000;;110;0;0;1600;5;1070
8950;57;65000;;110;0;0;1600;4;1035
8950;62;64966;;86;0;0;1300;3;1020
9950;68;64950;;110;1;0;1600;5;1075
8500;60;64914;;110;1;0;1600;5;1070
7995;62;64797;;110;1;0;1600;5;1075
8750;65;64772;;110;1;0;1600;3;1050
9750;63;64690;;86;0;0;1300;3;1020
10950;65;64630;;110;0;0;1600;5;1070
9750;67;64613;;110;1;0;1600;5;1085
8200;60;64383;;86;0;0;1300;3;1015
8950;68;64000;;110;0;0;1600;5;1075
9500;66;63881;;86;0;0;1300;3;1015
10950;58;63870;;72;0;0;2000;5;1135
9750;66;63328;;86;0;1;1300;5;1065
9950;65;63000;;86;1;1;1300;5;1065
10450;61;63000;;86;0;1;1300;3;1050
9850;65;62396;;110;0;0;1600;3;1050
9450;62;62377;;110;1;0;1600;5;1075
10295;67;62316;;110;1;0;1600;3;1050
9750;68;62292;;110;1;0;1600;3;1065
8950;65;62225;;110;1;0;1600;3;1050
9900;68;62222;;110;0;0;1600;5;1075
8750;66;62135;;86;1;0;1300;5;1035
9950;58;62024;;110;1;0;1600;5;1075
8500;60;61977;;86;1;0;1300;3;1015
9950;62;61930;;110;1;0;1600;4;1035
10950;57;61682;;110;0;0;1600;3;1050
9795;68;61568;;110;1;0;1600;4;1035
8750;68;61504;;110;1;0;1600;4;1035
8250;65;61384;;110;1;0;1600;3;1050
9950;58;61343;;110;1;0;1600;5;1075
9950;62;61254;;110;0;0;1600;5;1075
10500;59;61166;;110;1;0;1600;3;1050
9750;62;61149;;86;1;0;1300;5;1040
11250;61;61144;;110;1;0;1600;5;1090
8900;59;61127;;110;1;0;1600;3;1050
7950;60;61100;;86;1;0;1300;3;1015
11500;68;61100;;110;1;0;1600;5;1075
9450;57;61000;;110;1;0;1600;3;1050
7995;65;60724;;86;1;0;1300;3;1015
10995;59;60708;;86;1;0;1300;5;1045
8950;61;60532;;110;1;0;1600;3;1050
8250;67;60000;;86;0;1;1300;4;1030
8950;66;60000;;86;1;0;1300;3;1015
8950;65;60000;;86;1;0;1300;3;1015
9500;62;59295;;86;0;0;1300;5;1035
7500;65;59264;;86;0;0;1300;3;1015
8950;63;59000;;110;0;0;1600;3;1050
9950;63;59000;;86;1;0;1300;5;1035
9750;65;59000;;110;0;0;1600;5;1075
9450;61;59000;;110;1;0;1600;5;1070
9950;65;59000;;110;0;0;1600;3;1050
9750;68;58860;;110;1;0;1600;3;1055
8950;65;58829;;110;0;0;1600;3;1050
8250;66;58654;;110;1;0;1600;5;1070
7750;65;58300;;86;1;0;1300;3;1015
8950;60;58269;;110;1;0;1600;3;1050
9950;64;58136;;110;1;0;1600;5;1075
9450;66;58113;;107;1;1;1600;3;1085
12950;67;58058;;110;1;0;1600;3;1065
9950;58;58000;;110;1;0;1600;3;1050
10495;62;58000;;110;1;0;1600;3;1065
7950;68;57565;;86;1;0;1300;5;1035
10500;63;57413;;107;0;1;1600;5;1115
8950;65;57374;;110;1;0;1600;5;1075
9900;62;57179;;110;1;0;1600;5;1075
9995;61;57169;;110;1;0;1600;3;1065
9950;63;57124;;110;1;0;1600;3;1065
9950;63;57000;;110;1;0;1600;3;1050
8250;67;57000;;110;0;0;1600;3;1050
9950;63;57000;;86;1;0;1300;5;1035
8950;59;56259;;86;0;0;1300;3;1015
10950;62;56209;;107;1;1;1600;3;1080
9250;67;56074;;86;0;0;1300;4;1000
9950;63;55942;;110;1;0;1600;5;1070
9995;57;55844;;86;1;0;1300;5;1045
8750;61;55747;;86;0;0;1300;3;1020
10950;58;55478;;86;0;0;1300;5;1045
10350;60;55085;;107;0;1;1600;5;1105
9950;65;55061;;110;1;0;1600;5;1070
8950;65;55000;;86;1;0;1300;3;1015
10950;57;55000;;110;0;0;1600;5;1075
10950;63;54936;;110;1;0;1600;5;1075
8950;68;54875;;110;1;0;1600;5;1070
8900;67;54847;;110;0;0;1600;3;1050
10250;60;54554;;110;1;0;1600;3;1065
9450;61;54125;;110;1;0;1600;5;1035
9250;61;54000;;110;1;0;1600;3;1055
10500;57;54000;;110;1;0;1600;5;1075
7350;58;54000;;86;0;0;1300;5;1035
10250;57;54000;;110;1;0;1600;3;1135
10250;62;53285;;110;1;0;1600;5;1075
11500;65;53053;;110;1;0;1600;5;1075
8950;68;53000;;110;1;1;1587;3;1075
7750;68;53000;;86;0;0;1300;3;1015
9500;64;52968;;110;1;0;1600;3;1050
8450;67;52800;;86;1;0;1300;3;1015
8950;57;52548;;110;0;0;1600;3;1050
8400;60;52487;;110;1;0;1600;4;1035
9250;66;52383;;86;0;0;1300;3;1015
8900;61;52112;;110;1;0;1600;4;1035
8750;58;51712;;110;0;0;1600;3;1050
10950;58;51421;;110;0;1;1600;5;1105
8950;61;51235;;86;1;0;1300;4;1000
8950;65;51000;;86;1;0;1300;3;1015
8895;61;50925;;110;1;0;1600;5;1070
9390;66;50806;;86;0;0;1300;3;1480
8750;59;50469;;110;1;0;1600;5;1070
9750;61;50173;;110;1;0;1600;5;1075
9950;62;50000;;110;1;0;1600;5;1075
10950;65;49942;;110;0;0;1600;3;1065
9900;67;49585;;110;0;0;1600;5;1085
9500;62;49258;;110;1;0;1600;4;1035
9950;61;49000;;110;0;0;1600;3;1050
9950;63;48738;;110;0;0;1600;5;1055
10500;62;47750;;86;1;0;1300;5;1040
9950;63;47612;;86;0;0;1300;3;1015
10495;68;47500;;86;1;0;1300;5;1035
9500;66;47237;;110;0;0;1600;3;1050
8500;58;47171;;86;1;0;1300;3;1015
10450;60;47060;;110;0;0;1600;4;1035
8950;65;47014;;86;1;0;1300;3;1015
9900;59;46929;;86;1;0;1300;3;1025
8900;63;46000;;86;0;0;1300;5;1035
8745;65;45681;;110;0;0;1600;3;1050
8750;65;45549;;86;1;0;1300;3;1015
10750;57;45000;;110;1;0;1600;5;1050
9750;57;45000;;110;1;0;1600;3;1050
8850;65;45000;;110;0;0;1600;5;1075
7950;66;45000;;86;1;0;1300;5;1035
9450;63;45000;;110;1;0;1600;4;1035
9950;61;45000;;107;0;1;1600;3;1085
8250;63;44944;;110;1;0;1600;4;1035
9950;61;44597;;86;0;0;1300;3;1015
9995;68;44458;;86;0;0;1300;3;1015
9950;59;43818;;110;0;0;1600;5;1070
10495;60;43426;;110;1;0;1600;5;1070
7950;58;43000;;110;1;1;1600;4;1114
8950;68;43000;;110;1;0;1600;5;1035
9695;57;43000;;110;0;0;1600;5;1075
7750;64;43000;;86;0;0;1300;3;1015
9950;68;42750;;110;1;0;1600;3;1050
9950;67;42102;;110;1;0;1600;5;1075
9950;63;41586;;110;1;0;1600;5;1114
9900;64;41200;;110;0;0;1600;5;1070
10950;57;40214;;86;0;0;1300;3;1025
8950;60;40000;;86;1;0;1300;4;1000
8950;66;39222;;86;1;1;1300;3;1045
8250;66;39144;;110;1;0;1600;3;1050
10250;62;39000;;110;1;0;1600;5;1075
8750;61;38019;;110;1;0;1600;5;1070
9750;68;37759;;110;1;0;1600;5;1070
10950;61;37500;;110;0;0;1600;5;1085
10950;60;37111;;110;1;0;1600;3;1050
9750;62;37000;;86;0;0;1300;3;1015
8900;59;36954;;110;1;0;1600;3;1050
9500;60;36943;;110;0;0;1600;5;1070
9950;63;36923;;86;0;0;1300;5;1050
9950;66;36658;;110;0;0;1600;3;1050
8250;65;36000;;86;1;0;1300;3;1015
10450;65;36000;;110;1;0;1600;3;1065
10950;62;35512;;110;1;0;1600;3;1065
9250;65;35283;;86;1;0;1300;3;1015
8900;68;35000;;110;1;0;1600;3;1050
10900;57;35000;;86;1;0;1300;5;1045
9750;64;34114;;110;0;0;1600;3;1050
11950;58;34000;;110;0;0;1600;5;1075
7900;68;33847;;86;1;0;1300;4;1000
10900;57;33535;;110;0;0;1600;4;1035
10450;65;33000;;110;0;0;1600;3;1050
10950;59;32150;;110;1;0;1600;5;1085
9950;65;31588;;86;1;0;1300;3;1015
10750;60;31480;;110;1;0;1600;3;1065
9900;57;31307;;110;1;0;1600;5;1070
10750;68;31000;;110;1;0;1600;4;1035
10450;58;30634;;110;1;0;1600;5;1075
9450;68;30300;;86;1;0;1300;4;1000
10750;60;28500;;86;1;1;1300;3;1045
10950;60;28500;;110;0;0;1600;5;1075
10000;57;28000;;86;0;0;1300;3;1015
10500;68;26698;;110;0;0;1600;3;1055
12500;62;26000;;107;0;1;1600;3;1085
8950;62;25505;;86;1;0;1300;5;1035
10500;58;25000;;110;1;0;1600;5;1075
9245;66;22835;;110;1;0;1600;3;1050
10950;59;22705;;110;1;0;1600;5;1075
9500;63;22178;;86;1;0;1300;3;1015
10900;62;17345;;110;1;0;1600;3;1050
10950;67;15535;;86;1;1;1300;4;1030
9450;66;15110;;86;0;0;1300;5;1035
5900;73;232940;;72;0;0;2000;5;1172
6950;79;218118;;72;0;0;2000;5;1150
6000;78;217764;;72;1;0;2000;5;1135
5250;79;207114;;110;1;0;1600;5;1114
4400;74;203254;;72;1;0;2000;3;1135
6750;77;200732;;72;1;0;2000;4;1100
8500;69;197501;;72;0;0;2000;5;1135
6150;80;194765;;72;0;0;2000;3;1120
6950;76;191620;;72;0;0;2000;5;1150
5750;76;183277;;72;0;0;2000;3;1115
8750;78;180378;;72;1;0;2000;4;1100
6500;70;178800;;72;0;0;2000;3;1115
5950;73;176177;;110;1;0;1600;5;1075
6500;78;176000;;86;0;0;1300;5;1035
10500;77;172980;;72;1;0;2000;5;1135
8500;77;170000;;72;0;0;2000;4;1100
7950;71;164000;;110;1;0;1600;3;1050
5800;78;161775;;86;1;0;1300;3;1015
6750;80;160000;;86;0;0;1300;3;1015
6950;78;159968;;72;0;0;2000;3;1115
5740;74;159908;;110;0;0;1600;3;1050
6550;73;158492;;86;0;0;1300;3;1015
8950;69;156204;;72;1;0;2000;3;1115
6750;73;156169;;86;1;0;1300;5;1035
7950;78;155210;;110;0;0;1600;3;1050
7950;69;155000;;72;0;0;2000;3;1115
7450;76;154900;;72;1;0;2000;5;1140
7750;70;151300;;72;1;0;2000;5;1150
6450;71;151000;;110;1;0;1600;5;1094
7900;75;150000;;72;1;0;2000;3;1135
6900;69;146304;;72;1;0;2000;3;1115
5600;75;146197;;86;0;0;1300;3;1015
5950;77;145996;;110;0;0;1600;4;1035
6950;80;143560;;86;1;1;1300;3;1045
7950;71;139145;;73;0;0;2000;2;1115
8950;79;138500;;86;0;0;1300;5;1050
7950;74;137741;;90;1;0;2000;5;1135
9500;80;137178;;90;1;0;2000;5;1135
8600;76;134889;;72;1;0;2000;3;1115
5950;71;134660;;72;0;0;2000;5;1135
7750;73;134539;;110;0;0;1600;5;1070
7950;79;131500;;72;0;0;2000;5;1140
6950;77;131307;;110;1;0;1600;3;1050
7250;74;130025;;110;1;0;1600;3;1050
6500;78;130000;;86;0;0;1300;5;1015
7250;77;128960;;110;1;0;1600;5;1070
9250;80;128351;;110;1;0;1600;5;1070
8250;73;128006;;110;1;0;1600;3;1050
7250;71;127159;;72;1;0;2000;3;1115
5250;72;126478;;110;1;0;1600;4;1035
7900;77;126000;;110;1;0;1600;5;1050
6900;76;125778;;110;0;0;1600;3;1050
7900;75;125400;;110;0;0;1600;3;1050
7250;74;124910;;72;0;0;2000;5;1135
8450;70;124743;;110;1;0;1600;3;1050
7950;76;124591;;110;1;0;1600;5;1075
7950;74;124057;;110;1;0;1600;3;1050
6450;72;123403;;110;1;0;1600;3;1050
6650;75;123104;;110;1;0;1600;5;1070
7950;74;123077;;86;1;0;1300;3;1015
7250;80;122820;;86;0;0;1300;5;1040
7450;77;122290;;110;0;0;1600;3;1050
7950;74;121900;;110;1;0;1600;4;1035
7250;77;121545;;110;1;0;1600;5;1070
8250;71;120474;;72;1;0;2000;3;1115
8950;76;120263;;72;1;0;2000;5;1135
7750;74;120196;;110;1;0;1600;3;1050
8500;71;120000;;110;0;0;1600;5;1085
7750;78;120000;;110;0;0;1600;5;1075
5750;73;115877;;110;0;0;1600;4;1035
6900;76;115345;;110;1;0;1600;5;1070
6500;71;115157;;110;1;0;1600;3;1050
6500;78;115000;;107;1;1;1600;5;1100
7600;77;114258;;86;1;0;1300;5;1050
8950;73;112963;;72;1;0;2000;5;1135
7450;74;112307;;110;1;0;1600;5;1070
7350;72;112000;;86;1;0;1300;3;1015
7750;73;111602;;86;1;0;1300;3;1015
7460;80;111392;;110;0;0;1598;3;1083
9250;76;110901;;110;1;0;1600;5;1085
7250;80;110887;;110;1;0;1600;3;1055
6500;72;110634;;86;1;0;1300;3;1015
6800;80;110000;;110;1;0;1600;4;1035
8700;75;109540;;110;0;0;1600;5;1085
7500;78;109263;;110;0;0;1600;5;1070
7750;71;107516;;110;1;0;1600;3;1050
7950;73;107108;;110;1;0;1600;3;1050
9950;75;107000;;110;1;0;1600;3;1050
6640;74;106250;;110;0;0;1600;5;1070
8750;71;106150;;86;0;0;1300;3;1015
7750;72;106108;;110;1;0;1600;3;1050
5950;72;105856;;86;0;0;1300;3;1015
6750;77;105152;;86;0;0;1300;3;1015
6500;80;105135;;110;1;0;1600;3;1050
8750;76;104344;;110;1;0;1600;3;1050
7950;74;104150;;110;1;0;1600;3;1050
6750;74;104000;;86;1;0;1300;3;1010
7950;73;103121;;86;1;0;1300;5;1035
7950;80;102300;;86;1;0;1300;3;1015
8950;75;102005;;107;1;1;1600;5;1105
7750;77;102000;;86;1;0;1300;3;1015
6450;75;101855;;110;1;0;1600;5;1070
6900;74;101773;;110;0;0;1600;3;1050
8450;75;101159;;110;1;0;1600;5;1085
6750;74;101000;;86;0;0;1300;3;1015
8050;74;100732;;86;1;1;1300;4;1030
9500;79;100719;;110;0;0;1600;5;1070
7750;78;100487;;110;0;0;1600;4;1035
8500;80;100458;;110;0;0;1600;5;1085
7795;75;100192;;110;1;0;1600;3;1050
6490;80;100123;;110;1;0;1600;3;1050
7950;73;99971;;110;1;0;1600;3;1050
6425;79;99397;;86;0;0;1300;5;1035
8950;69;99374;;86;1;0;1300;5;1035
6950;72;99245;;110;1;0;1600;5;1114
8750;79;98742;;110;0;0;1600;5;1085
8450;71;98154;;110;1;0;1600;3;1050
7950;77;98000;;110;1;0;1600;5;1065
7950;80;97548;;86;0;0;1300;5;1035
8900;78;97534;;110;1;0;1600;5;1070
8950;73;97494;;110;1;0;1600;5;1085
8900;73;97085;;110;1;0;1600;5;1085
7950;69;97000;;110;0;0;1600;4;1035
6495;74;96302;;86;1;0;1300;3;1015
7250;78;96000;;86;1;0;1300;3;1015
9250;74;96000;;110;1;0;1600;5;1085
6650;78;95909;;110;1;0;1600;5;1070
6990;79;95700;;110;0;0;1600;5;1085
7750;78;95651;;110;1;0;1600;5;1070
6950;79;95000;;86;1;0;1300;5;1035
7250;80;94447;;110;0;0;1600;3;1050
9950;80;94079;;110;1;0;1600;5;1085
9250;80;93841;;110;0;0;1600;5;1070
7200;79;93090;;86;1;0;1300;5;1035
8250;72;93066;;110;1;0;1600;5;1075
8950;79;93039;;110;1;0;1600;3;1050
8250;77;93000;;110;1;0;1600;5;1075
6250;80;92830;;86;1;0;1300;3;1015
9900;80;92255;;107;0;1;1600;5;1105
7300;80;92096;;86;1;0;1300;5;1035
8950;72;91921;;86;1;0;1300;3;1020
6500;70;91900;;86;1;0;1300;3;1015
7950;78;91399;;110;1;0;1600;5;1070
7450;75;91082;;110;1;0;1600;3;1050
7950;71;90370;;86;1;0;1300;5;1035
8500;78;90345;;86;1;0;1300;5;1035
6950;77;90305;;86;1;0;1300;3;1015
7950;78;90011;;86;0;1;1300;3;1045
6750;77;90000;;86;1;0;1300;3;1015
8450;70;89983;;110;0;0;1600;3;1055
7500;78;89953;;110;0;0;1600;5;1114
8750;74;89800;;72;1;0;2000;3;1115
8750;79;89739;;86;1;0;1300;5;1035
8950;76;89520;;110;1;0;1600;3;1050
7450;75;89507;;86;0;0;1300;3;1015
9200;69;89096;;110;1;0;1600;5;1085
8950;74;88700;;110;1;0;1600;3;1050
7850;72;88500;;110;1;0;1600;5;1075
6950;73;88186;;72;1;0;2000;3;1115
7200;75;88000;;110;1;0;1600;3;1050
7450;78;87743;;110;0;0;1600;3;1055
6750;75;87613;;86;0;0;1300;3;1015
7500;73;87358;;110;1;0;1600;3;1050
7450;72;87083;;110;0;0;1600;4;1035
7950;70;87000;;110;1;0;1600;4;1035
7250;78;87000;;110;1;0;1600;4;1035
7950;73;87000;;86;1;0;1300;3;1015
8250;80;87000;;86;1;0;1300;3;1015
8250;72;86860;;110;0;0;1600;5;1075
6750;80;86109;;110;1;0;1600;3;1055
8750;79;86000;;86;1;0;1300;5;1040
8950;80;86000;;110;0;0;1600;3;1050
8500;70;85864;;72;1;0;2000;5;1135
8250;80;85565;;110;0;0;1600;5;1070
9450;70;85470;;107;0;1;1600;3;1080
7950;73;85200;;110;1;0;1600;3;1050
7900;70;85000;;110;1;0;1600;3;1055
8500;73;84988;;110;1;0;1600;3;1050
8250;79;84966;;110;0;0;1600;5;1070
8250;76;84472;;110;1;0;1600;5;1070
8950;73;84402;;110;1;0;1600;4;1035
7950;74;84123;;110;0;0;1600;3;1050
6950;80;84000;;110;0;0;1600;5;1075
7250;78;84000;;110;1;0;1600;5;1065
7750;77;84000;;110;1;0;1600;5;1085
8700;75;83850;;110;1;0;1600;3;1055
8950;80;83540;;110;1;0;1600;5;1070
6750;76;83405;;110;1;0;1600;5;1070
7500;71;83291;;110;1;0;1600;5;1070
7950;69;83133;;86;0;0;1300;3;1015
8950;71;83047;;86;1;1;1300;3;1045
7950;71;82700;;110;0;0;1600;3;1050
7450;78;82675;;86;0;0;1300;3;1015
5950;78;82595;;86;1;0;1300;3;1015
7750;75;82256;;110;1;0;1600;3;1050
6950;77;82103;;86;1;0;1300;3;1015
8750;80;82021;;86;1;0;1300;5;1035
8950;71;82000;;110;1;0;1600;5;1075
7495;79;81988;;110;1;0;1600;5;1070
7750;76;81930;;110;0;0;1600;5;1070
6950;70;81663;;110;0;0;1600;3;1050
7990;77;80486;;110;1;0;1600;5;1070
7250;78;80000;;110;1;0;1600;4;1065
6900;69;79000;;86;0;0;1300;3;1015
7750;74;78894;;110;0;0;1600;5;1070
7250;78;78689;;110;0;0;1600;4;1035
8950;77;78435;;86;0;0;1300;3;1015
8500;71;78260;;110;0;0;1600;3;1050
7950;72;78120;;110;1;0;1600;5;1075
6950;77;77000;;86;0;0;1300;3;1015
8000;78;77000;;110;0;0;1600;3;1050
7950;75;76382;;110;1;0;1600;3;1055
8500;76;76268;;86;1;0;1300;3;1015
7490;73;76151;;86;1;0;1300;3;1015
8250;80;76000;;110;0;0;1600;3;1050
9250;71;76000;;110;1;0;1600;5;1070
7950;72;75840;;86;0;0;1300;5;1035
9500;77;75799;;110;1;0;1600;3;1050
8950;72;75525;;110;1;0;1600;3;1114
8450;78;75323;;86;1;0;1300;5;1050
7995;79;75322;;110;1;0;1600;4;1115
8750;78;75226;;110;0;0;1600;4;1035
5950;71;75085;;86;0;0;1300;5;1035
8500;73;75000;;110;0;0;1600;5;1075
8950;69;75000;;86;1;0;1300;4;1000
8750;69;75000;;86;1;0;1300;4;1000
7600;78;74926;;110;1;0;1600;5;1075
7145;80;74785;;110;1;0;1600;5;1070
8450;69;74573;;110;1;0;1600;5;1085
5950;75;74567;;86;1;0;1300;3;1015
9000;80;74196;;110;0;0;1600;5;1075
7250;80;74151;;110;1;0;1600;3;1050
7400;75;74096;;110;1;0;1600;3;1050
8800;79;74093;;110;1;0;1600;5;1075
7750;71;74000;;110;0;0;1600;3;1050
7500;75;74000;;86;1;0;1300;3;1015
8450;78;73638;;86;1;1;1300;4;1015
7400;75;73460;;110;1;0;1600;5;1070
7500;80;73200;;110;1;0;1600;5;1070
8950;76;73116;;110;1;0;1600;5;1075
8950;70;73014;;110;1;0;1600;5;1075
7950;77;72703;;110;1;0;1600;3;1050
7950;79;72328;;110;1;0;1600;5;1075
7950;78;72222;;110;1;0;1600;5;1070
8950;71;72128;;107;1;1;1600;5;1100
7750;78;72090;;110;1;0;1600;5;1070
8250;78;72000;;110;1;0;1600;4;1035
7950;78;72000;;110;0;0;1600;3;1055
7750;77;71900;;86;1;0;1300;3;1015
8500;77;71825;;110;0;0;1600;5;1075
6950;80;71740;;110;1;0;1600;5;1070
7500;80;71500;;110;1;0;1600;4;1035
7750;79;71359;;110;1;0;1600;3;1050
5950;79;71263;;86;0;0;1300;3;1015
7500;78;71186;;110;0;0;1600;3;1050
8950;72;71054;;86;0;1;1300;3;1045
7950;76;71000;;110;1;0;1600;3;1050
6900;80;70939;;110;1;1;1600;5;1100
7450;77;70932;;110;1;0;1600;3;1050
8500;80;70597;;107;1;1;1600;3;1080
7500;73;70482;;110;1;0;1600;5;1075
8750;77;70124;;110;1;0;1600;3;1050
7500;76;70039;;110;1;0;1600;3;1050
9950;80;69904;;110;0;0;1600;5;1070
7950;75;69388;;86;0;0;1300;3;1010
9950;75;69320;;110;1;0;1600;5;1070
9250;78;69000;;110;1;0;1600;5;1075
9250;73;68988;;86;1;0;1300;5;1035
9950;79;68945;;110;1;0;1600;5;1085
5950;74;68285;;110;1;0;1600;3;1050
7995;76;68000;;110;1;0;1600;5;1075
8950;70;68000;;86;1;1;1300;3;1045
7450;75;67451;;86;1;0;1300;4;1000
8250;76;67266;;86;1;0;1300;5;1035
8500;78;67255;;110;0;0;1600;5;1085
8500;70;67100;;110;1;0;1600;5;1075
9400;69;67092;;72;1;0;2000;3;1115
7250;80;66880;;110;1;0;1600;3;1055
8950;79;66855;;110;1;0;1600;5;1075
9450;80;66843;;110;1;0;1600;5;1075
8500;74;66718;;110;1;0;1600;3;1050
6750;80;66168;;86;1;0;1300;3;1015
7400;80;65950;;110;0;0;1600;5;1070
8950;78;65500;;86;1;0;1300;3;1015
6900;80;65307;;110;1;0;1600;3;1055
7750;79;65254;;86;1;0;1300;3;1015
8950;71;65021;;72;1;0;2000;3;1115
6950;75;65006;;86;1;0;1300;3;1015
8495;77;64280;;110;0;0;1600;4;1035
10000;75;64000;;107;0;1;1600;3;1085
6999;71;64000;;110;1;0;1600;5;1070
8950;80;64000;;110;0;0;1600;3;1055
8500;79;63918;;110;0;0;1600;4;1035
8750;75;63634;;110;1;0;1600;4;1035
7499;80;63500;;110;1;0;1600;3;1050
9000;80;63266;;110;1;0;1600;4;1035
8950;77;62595;;110;1;0;1600;3;1050
6950;80;62581;;110;0;0;1600;5;1075
8500;77;62285;;110;1;0;1600;5;1075
8450;77;61906;;86;1;1;1300;5;1065
8950;74;61700;;110;0;0;1600;5;1070
8250;77;61648;;110;1;0;1600;5;1070
7950;75;61626;;86;0;0;1300;5;1035
7450;70;61510;;110;0;0;1600;4;1035
9000;79;61165;;107;1;1;1600;3;1080
7150;70;61000;;110;1;0;1600;4;1035
7750;76;60833;;110;1;0;1600;4;1035
5845;70;60600;;86;0;0;1300;3;1060
8500;72;60483;;110;1;0;1600;5;1075
8250;80;60476;;110;1;0;1600;5;1114
9450;79;60142;;110;0;0;1600;3;1050
6750;69;60050;;110;1;0;1600;3;1050
8400;77;60000;;110;1;0;1600;3;1050
7900;76;60000;;110;0;0;1600;3;1050
7950;76;59815;;110;1;0;1587;3;1055
8750;80;59326;;110;1;0;1600;5;1085
9900;73;59240;;110;1;0;1600;3;1050
6495;71;59164;;110;0;0;1600;4;1035
8250;70;59017;;107;1;1;1600;3;1080
6900;69;58952;;110;1;0;1600;3;1050
7500;74;58454;;86;1;0;1300;3;1015
7950;75;58341;;86;1;1;1300;4;1030
8250;80;58267;;110;1;0;1600;5;1070
8950;80;58000;;110;0;0;1600;3;1055
9750;70;57829;;110;0;0;1600;3;1050
8250;80;57787;;86;0;0;1300;3;1015
8900;78;57628;;110;0;0;1600;5;1075
8950;75;57537;;86;1;0;1300;5;1050
6750;76;57263;;110;1;0;1600;3;1050
7950;75;57144;;110;1;0;1600;5;1070
8600;69;57096;;86;1;0;1300;3;1025
7750;80;57000;;86;0;0;1300;4;1000
7800;73;56566;;110;1;0;1600;3;1050
8750;73;56307;;110;1;0;1600;3;1050
9500;79;56214;;86;0;0;1300;3;1015
7750;74;56132;;110;0;0;1600;4;1035
9950;79;55425;;110;0;0;1600;5;1075
7750;77;54439;;86;1;0;1300;3;1015
5950;69;53809;;110;1;0;1600;3;1050
10950;76;53133;;110;1;0;1600;5;1070
9450;77;52900;;110;1;0;1600;4;1075
8250;80;52700;;110;0;0;1600;3;1050
9750;69;52320;;110;0;0;1600;5;1070
7450;78;52287;;110;0;0;1600;5;1114
8750;75;52000;;110;0;0;1600;5;1075
8750;69;52000;;110;1;0;1600;3;1050
8500;73;52000;;110;1;1;1600;4;1065
8950;70;51874;;86;0;0;1300;4;1000
7500;79;49827;;86;1;0;1300;5;1035
7250;69;49640;;110;1;0;1600;4;1035
7450;80;49580;;110;1;0;1600;4;1035
8750;76;49170;;86;0;0;1300;3;1045
9800;77;48838;;110;0;0;1600;3;1055
7500;71;48576;;86;1;0;1300;3;1015
8950;75;48400;;110;1;0;1600;5;1075
8950;74;48242;;86;1;0;1300;5;1035
7450;70;47955;;110;1;0;1600;5;1070
8950;71;47633;;110;1;0;1600;5;1075
10500;78;47400;;86;1;0;1300;5;1040
7000;73;47360;;86;0;0;1300;3;1010
8500;77;45507;;110;1;0;1600;3;1050
7750;76;45410;;86;1;0;1300;5;1035
8950;70;44850;;110;1;0;1600;3;1050
8250;69;44826;;110;0;0;1600;5;1075
9250;80;44444;;110;1;0;1600;3;1050
7900;75;43720;;110;1;0;1600;5;1070
8500;78;43622;;86;1;0;1300;4;1000
7950;76;43532;;110;0;0;1600;5;1070
9950;69;42800;;110;1;0;1600;3;1050
8750;74;42317;;107;1;1;1600;5;1100
7500;80;42186;;110;1;0;1600;3;1050
6950;72;42000;;110;1;0;1600;3;1050
8950;79;40093;;110;0;0;1600;5;1114
8750;79;39800;;107;0;1;1600;3;1080
7750;73;39168;;86;0;0;1300;3;1015
8450;75;38945;;110;1;0;1600;3;1050
8150;76;36537;;110;0;1;1600;4;1075
8500;78;36000;;86;0;1;1300;3;1045
7600;78;36000;;110;1;0;1600;3;1050
7950;80;35821;;86;0;1;1300;3;1015
7750;73;34717;;86;0;0;1300;3;1015
7950;80;34000;;86;1;0;1300;4;1000
9950;78;30964;;110;0;1;1600;3;1080
8950;71;29000;;86;1;1;1300;3;1045
8450;72;26000;;86;0;0;1300;3;1015
8950;78;24000;;86;1;1;1300;5;1065
8450;80;23000;;86;0;0;1300;3;1015
7500;69;20544;;86;1;0;1300;3;1025
10845;72;19000;;86;0;0;1300;3;1015
8500;71;17016;;86;0;0;1300;3;1015
7250;70;16916;;86;1;0;1300;3;1015
6950;76;1;;110;0;0;1600;5;1114
